game_date_est,game_sequence,game_id,game_status_id,game_status_text,gamecode,home_team_id,visitor_team_id,season,live_period,live_pc_time,natl_tv_broadcaster_abbreviation,live_period_time_bcast,wh_status
20061011000000,2.0,10600023,3,4thQtr,20061011PHIMOS,12308,1610612755,2006,4,019,ESPN2,Q4019ESPN2,1
20201222000000,1.0,22000001,3,Final,20201222GSWBKN,1610612751,1610612744,2020,4,,TNT,Q4TNT,1
20201222000000,2.0,22000002,3,Final,20201222LACLAL,1610612747,1610612746,2020,4,,TNT,Q4TNT,1
20201223000000,12.0,22000004,3,Final,20201223DALPHX,1610612756,1610612742,2020,4,,ESPN,Q4ESPN,1
20201225000000,4.0,22000008,3,Final,20201225DALLAL,1610612747,1610612742,2020,4,,ABCESPN,Q4ABCESPN,1
20201225000000,3.0,22000007,3,Final,20201225BKNBOS,1610612738,1610612751,2020,4,,ABC,Q4ABC,1
20201225000000,2.0,22000006,3,Final,20201225GSWMIL,1610612749,1610612744,2020,4,,ABC,Q4ABC,1
20201225000000,5.0,22000009,3,Final,20201225LACDEN,1610612743,1610612746,2020,4,,ESPN,Q4ESPN,1
20210613000000,2.0,42000234,3,Final,20210613PHXDEN,1610612743,1610612756,2020,4,,TNT,Q4TNT,1
20210613000000,2.0,42000234,3,Final,20210613PHXDEN,1610612743,1610612756,2020,4,,TNTOT,Q4TNTOT,1
20211019000000,1.0,22100001,3,Final,20211019BKNMIL,1610612749,1610612751,2021,4,,TNT,Q4TNT,1
20211019000000,2.0,22100002,3,Final,20211019GSWLAL,1610612747,1610612744,2021,4,,TNT,Q4TNT,1
20211020000000,10.0,22100012,3,Final,20211020DENPHX,1610612756,1610612743,2021,4,,ESPN,Q4ESPN,1
20211020000000,3.0,22100005,3,Final,20211020BOSNYK,1610612752,1610612738,2021,6,,ESPN,Q6ESPN,1
20211021000000,1.0,22100014,3,Final,20211021DALATL,1610612737,1610612742,2021,4,,TNT,Q4TNT,1
20211021000000,3.0,22100016,3,Final,20211021LACGSW,1610612744,1610612746,2021,4,,TNT,Q4TNT,1
20211022000000,5.0,22100021,3,Final,20211022BKNPHI,1610612755,1610612751,2021,4,,ESPN,Q4ESPN,1
20211022000000,9.0,22100025,3,Final,20211022PHXLAL,1610612747,1610612756,2021,4,,ESPN,Q4ESPN,1
20211023000000,7.0,22100033,3,Final,20211023PHXPOR,1610612757,1610612756,2021,4,,NBATV,Q4NBATV,1
20211023000000,2.0,22100028,3,Final,20211023MIAIND,1610612754,1610612748,2021,5,,NBATV,Q5NBATV,1
20211025000000,9.0,22100049,3,Final,20211025PORLAC,1610612746,1610612757,2021,4,,NBATV,Q4NBATV,1
20211025000000,4.0,22100044,3,Final,20211025WASBKN,1610612751,1610612764,2021,4,,NBATV,Q4NBATV,1
20211026000000,1.0,22100050,3,Final,20211026PHINYK,1610612752,1610612755,2021,4,,TNT,Q4TNT,1
20211026000000,5.0,22100054,3,Final,20211026DENUTA,1610612762,1610612743,2021,4,,TNT,Q4TNT,1
20211027000000,9.0,22100063,3,Final,20211027MEMPOR,1610612757,1610612763,2021,4,,ESPN,Q4ESPN,1
20211028000000,3.0,22100067,3,Final,20211028NYKCHI,1610612741,1610612752,2021,4,,NBATV,Q4NBATV,1
20211029000000,5.0,22100075,3,Final,20211029DALDEN,1610612743,1610612742,2021,4,,ESPN,Q4ESPN,1
20211031000000,3.0,22100091,3,Final,20211031UTAMIL,1610612749,1610612762,2021,4,,NBATV,Q4NBATV,1
20211101000000,6.0,22100099,3,Final,20211101TORNYK,1610612752,1610612761,2021,4,,NBATV,Q4NBATV,1
20211103000000,6.0,22100113,3,Final,20211103ATLBKN,1610612751,1610612737,2021,4,,ESPN,Q4ESPN,1
20211103000000,10.0,22100117,3,Final,20211103CHAGSW,1610612744,1610612766,2021,4,,ESPN,Q4ESPN,1
20211106000000,6.0,22100138,3,Final,20211106LALPOR,1610612757,1610612747,2021,4,,NBATV,Q4NBATV,1
20211106000000,2.0,22100134,3,Final,20211106UTAMIA,1610612748,1610612762,2021,4,,NBATV,Q4NBATV,1
20211107000000,6.0,22100144,3,Final,20211107SASOKC,1610612760,1610612759,2021,4,,NBATV,Q4NBATV,1
20211108000000,8.0,22100154,3,Final,20211108CHALAL,1610612747,1610612766,2021,5,,NBATV,Q5NBATV,1
20211109000000,3.0,22100157,3,Final,20211109PORLAC,1610612746,1610612757,2021,4,,TNT,Q4TNT,1
20211109000000,1.0,22100155,3,Final,20211109MILPHI,1610612755,1610612749,2021,4,,TNT,Q4TNT,1
20211110000000,13.0,22100170,3,Final,20211110MIALAL,1610612747,1610612748,2021,5,,ESPN,Q5ESPN,1
20211112000000,2.0,22100175,3,Final,20211112MILBOS,1610612738,1610612749,2021,5,,ESPN,Q5ESPN,1
20211113000000,1.0,22100185,3,Final,20211113MIAUTA,1610612762,1610612748,2021,4,,NBATV,Q4NBATV,1
20211113000000,6.0,22100190,3,Final,20211113BOSCLE,1610612739,1610612738,2021,4,,NBATV,Q4NBATV,1
20211115000000,11.0,22100209,3,Final,20211115CHILAL,1610612747,1610612741,2021,4,,NBATV,Q4NBATV,1
20211116000000,1.0,22100210,3,Final,20211116GSWBKN,1610612751,1610612744,2021,4,,TNT,Q4TNT,1
20211116000000,2.0,22100211,3,Final,20211116PHIUTA,1610612762,1610612755,2021,4,,TNT,Q4TNT,1
20211117000000,7.0,22100219,3,Final,20211117LALMIL,1610612749,1610612747,2021,4,,ESPN,Q4ESPN,1
20211118000000,5.0,22100228,3,Final,20211118PHIDEN,1610612743,1610612755,2021,4,,NBATV,Q4NBATV,1
20211119000000,3.0,22100232,3,Final,20211119LALBOS,1610612738,1610612747,2021,4,,ESPN,Q4ESPN,1
20211120000000,4.0,22100242,3,Final,20211120CHAATL,1610612737,1610612766,2021,4,,NBATV,Q4NBATV,1
20211122000000,1.0,22100253,3,Final,20211122BKNCLE,1610612739,1610612751,2021,4,,NBATV,Q4NBATV,1
20211122000000,10.0,22100262,3,Final,20211122PHISAC,1610612758,1610612755,2021,4,,NBATV,Q4NBATV,1
20211123000000,3.0,22100265,3,Final,20211123DENPOR,1610612757,1610612743,2021,4,,TNT,Q4TNT,1
20211124000000,4.0,22100270,3,Final,20211124BKNBOS,1610612738,1610612751,2021,4,,ESPN,Q4ESPN,1
20211129000000,2.0,22100306,3,Final,20211129DENMIA,1610612748,1610612743,2021,4,,NBATV,Q4NBATV,1
20211130000000,1.0,22100314,3,Final,20211130NYKBKN,1610612751,1610612752,2021,4,,TNT,Q4TNT,1
20211201000000,9.0,22100327,3,Final,20211201SACLAC,1610612746,1610612758,2021,4,,NBATV,Q4NBATV,1
20211201000000,4.0,22100322,3,Final,20211201PHIBOS,1610612738,1610612755,2021,4,,NBATV,Q4NBATV,1
20211202000000,5.0,22100332,3,Final,20211202SASPOR,1610612757,1610612759,2021,4,,NBATV,Q4NBATV,1
20211202000000,1.0,22100328,3,Final,20211202CHINYK,1610612752,1610612741,2021,4,,NBATV,Q4NBATV,1
20211203000000,8.0,22100340,3,Final,20211203PHXGSW,1610612744,1610612756,2021,4,,ESPN,Q4ESPN,1
20211203000000,3.0,22100335,3,Final,20211203PHIATL,1610612737,1610612755,2021,4,,ESPN,Q4ESPN,1
20211206000000,2.0,22100354,3,Final,20211206OKCDET,1610612765,1610612760,2021,4,,NBATV,Q4NBATV,1
20211207000000,1.0,22100363,3,Final,20211207BKNDAL,1610612742,1610612751,2021,4,,TNT,Q4TNT,1
20211208000000,11.0,22100376,3,Final,20211208PORGSW,1610612744,1610612757,2021,4,,ESPN,Q4ESPN,1
20211208000000,5.0,22100370,3,Final,20211208MILMIA,1610612748,1610612749,2021,4,,ESPN,Q4ESPN,1
20211209000000,1.0,22100379,3,Final,20211209UTAPHI,1610612755,1610612762,2021,4,,NBATV,Q4NBATV,1
20211210000000,3.0,22100384,3,Final,20211210BKNATL,1610612737,1610612751,2021,4,,ESPN,Q4ESPN,1
20211210000000,9.0,22100390,3,Final,20211210BOSPHX,1610612756,1610612738,2021,4,,ESPN,Q4ESPN,1
20211213000000,9.0,22100412,3,Final,20211213PHXLAC,1610612746,1610612756,2021,4,,NBATV,Q4NBATV,1
20211213000000,2.0,22100405,3,Final,20211213GSWIND,1610612754,1610612744,2021,4,,NBATV,Q4NBATV,1
20211214000000,4.0,22100416,3,Final,20211214PHXPOR,1610612757,1610612756,2021,5,,TNT,Q5TNT,1
20211215000000,4.0,22100420,3,Final,20211215LALDAL,1610612742,1610612747,2021,5,,ESPN,Q5ESPN,1
20211215000000,9.0,22100425,3,Final,20211215LACUTA,1610612762,1610612746,2021,4,,ESPN,Q4ESPN,1
20211217000000,6.0,22100436,3,Final,20211217LALMIN,1610612750,1610612747,2021,4,,ESPN,Q4ESPN,1
20211217000000,3.0,22100435,3,Final,20211217GSWBOS,1610612738,1610612744,2021,4,,ESPN,Q4ESPN,1
20211221000000,6.0,22100469,3,Final,20211221PHXLAL,1610612747,1610612756,2021,4,,TNT,Q4TNT,1
20211222000000,1.0,22100470,3,Final,20211222ORLATL,1610612737,1610612753,2021,4,,NBATV,Q4NBATV,1
20211223000000,6.0,22100481,3,Final,20211223MILDAL,1610612742,1610612749,2021,4,,NBATV,Q4NBATV,1
20211225000000,2.0,22100489,3,Final,20211225BOSMIL,1610612749,1610612738,2021,4,,ABC,Q4ABC,1
20211225000000,5.0,22100492,3,Final,20211225DALUTA,1610612762,1610612742,2021,4,,ESPN,Q4ESPN,1
20211225000000,1.0,22100488,3,Final,20211225ATLNYK,1610612752,1610612737,2021,4,,ESPN,Q4ESPN,1
20211226000000,7.0,22100499,3,Final,20211226INDCHI,1610612741,1610612754,2021,4,,NBATV,Q4NBATV,1
20211227000000,7.0,22100507,3,Final,20211227BKNLAC,1610612746,1610612751,2021,4,,NBATV,Q4NBATV,1
20211230000000,1.0,22100525,3,Final,20211230PHIBKN,1610612751,1610612755,2021,4,,NBATV,Q4NBATV,1
20211231000000,10.0,22100538,3,Final,20211231PORLAL,1610612747,1610612757,2021,4,,NBATV,Q4NBATV,1
20220101000000,6.0,22100544,3,Final,20220101GSWUTA,1610612762,1610612744,2021,4,,NBATV,Q4NBATV,1
20220102000000,3.0,22100547,3,Final,20220102INDCLE,1610612739,1610612754,2021,4,,NBATV,Q4NBATV,1
20220103000000,3.0,22100554,3,Final,20220103MEMBKN,1610612751,1610612763,2021,4,,NBATV,Q4NBATV,1
20220103000000,8.0,22100559,3,Final,20220103MIAGSW,1610612744,1610612748,2021,4,,NBATV,Q4NBATV,1
20220104000000,3.0,22100564,3,Final,20220104INDNYK,1610612752,1610612754,2021,4,,NBATV,Q4NBATV,1
20220105000000,9.0,22100575,3,Final,20220105UTADEN,1610612743,1610612762,2021,4,,ESPN,Q4ESPN,1
20220105000000,6.0,22100572,3,Final,20220105GSWDAL,1610612742,1610612744,2021,4,,ESPN,Q4ESPN,1
20220106000000,4.0,22100581,3,Final,20220106LACPHX,1610612756,1610612746,2021,4,,TNT,Q4TNT,1
20220107000000,8.0,22100589,3,Final,20220107ATLLAL,1610612747,1610612737,2021,4,,ESPN,Q4ESPN,1
20220107000000,2.0,22100583,3,Final,20220107MILBKN,1610612751,1610612749,2021,4,,ESPN,Q4ESPN,1
20220108000000,5.0,22100595,3,Final,20220108NYKBOS,1610612738,1610612752,2021,4,,NBATV,Q4NBATV,1
20220109000000,8.0,22100604,3,Final,20220109CLEGSW,1610612744,1610612739,2021,4,,NBATV,Q4NBATV,1
20220110000000,1.0,22100607,3,Final,20220110MILCHA,1610612766,1610612749,2021,4,,NBATV,Q4NBATV,1
20220112000000,8.0,22100625,3,Final,20220112BKNCHI,1610612741,1610612751,2021,4,,ESPN,Q4ESPN,1
20220113000000,5.0,22100631,3,Final,20220113PORDEN,1610612743,1610612757,2021,4,,TNT,Q4TNT,1
20220113000000,1.0,22100627,3,Final,20220113GSWMIL,1610612749,1610612744,2021,4,,TNT,Q4TNT,1
20220114000000,5.0,22100637,3,Final,20220114GSWCHI,1610612741,1610612744,2021,4,,ESPN,Q4ESPN,1
20220117000000,5.0,22100658,3,Final,20220117CHIMEM,1610612763,1610612741,2021,4,,TNT,Q4TNT,1
20220117000000,7.0,22100660,3,Final,20220117MILATL,1610612737,1610612749,2021,4,,TNT,Q4TNT,1
20220117000000,12.0,22100665,3,Final,20220117UTALAL,1610612747,1610612762,2021,4,,NBATV,Q4NBATV,1
20220118000000,1.0,22100666,3,Final,20220118MINNYK,1610612752,1610612750,2021,4,,NBATV,Q4NBATV,1
20220119000000,11.0,22100678,3,Final,20220119LACDEN,1610612743,1610612746,2021,5,,ESPN,Q5ESPN,1
20220119000000,4.0,22100671,3,Final,20220119CHABOS,1610612738,1610612766,2021,4,,ESPN,Q4ESPN,1
20220120000000,2.0,22100682,3,Final,20220120PHXDAL,1610612742,1610612756,2021,4,,TNT,Q4TNT,1
20220120000000,3.0,22100683,3,Final,20220120INDGSW,1610612744,1610612754,2021,5,,TNT,Q5TNT,1
20220121000000,7.0,22100690,3,Final,20220121CHIMIL,1610612749,1610612741,2021,4,,ESPN,Q4ESPN,1
20220123000000,11.0,22100708,3,Final,20220123UTAGSW,1610612744,1610612762,2021,4,,NBATV,Q4NBATV,1
20220124000000,4.0,22100713,3,Final,20220124UTAPHX,1610612756,1610612762,2021,4,,NBATV,Q4NBATV,1
20220125000000,6.0,22100718,3,Final,20220125LALBKN,1610612751,1610612747,2021,4,,TNT,Q4TNT,1
20220125000000,8.0,22100720,3,Final,20220125DALGSW,1610612744,1610612742,2021,4,,TNT,Q4TNT,1
20220128000000,2.0,22100735,3,Final,20220128LALCHA,1610612766,1610612747,2021,4,,ESPN,Q4ESPN,1
20220131000000,4.0,22100762,3,Final,20220131MIABOS,1610612738,1610612748,2021,4,,NBATV,Q4NBATV,1
20220201000000,2.0,22100768,3,Final,20220201WASMIL,1610612749,1610612764,2021,4,,TNT,Q4TNT,1
20220201000000,7.0,22100772,3,Final,20220201BKNPHX,1610612756,1610612751,2021,4,,TNT,Q4TNT,1
20220204000000,1.0,22100787,3,Final,20220204CLECHA,1610612766,1610612739,2021,4,,NBATV,Q4NBATV,1
20220205000000,4.0,22100799,3,Final,20220205NYKLAL,1610612747,1610612752,2021,5,,ABC,Q5ABC,1
20220206000000,6.0,22100807,3,Final,20220206ATLDAL,1610612742,1610612737,2021,4,,ESPN,Q4ESPN,1
20220206000000,8.0,22100809,3,Final,20220206MILLAC,1610612746,1610612749,2021,4,,NBATV,Q4NBATV,1
20220207000000,3.0,22100812,3,Final,20220207PHXCHI,1610612741,1610612756,2021,4,,NBATV,Q4NBATV,1
20220208000000,8.0,22100822,3,Final,20220208MILLAL,1610612747,1610612749,2021,4,,TNT,Q4TNT,1
20220208000000,3.0,22100817,3,Final,20220208BOSBKN,1610612751,1610612738,2021,4,,TNT,Q4TNT,1
20220209000000,2.0,22100826,3,Final,20220209CHICHA,1610612766,1610612741,2021,4,,ESPN,Q4ESPN,1
20220210000000,2.0,22100832,3,Final,20220210BKNWAS,1610612764,1610612751,2021,4,,TNT,Q4TNT,1
20220212000000,10.0,22100854,3,Final,20220212LALGSW,1610612744,1610612747,2021,4,,ABC,Q4ABC,1
20220213000000,1.0,22100856,3,Final,20220213ATLBOS,1610612738,1610612737,2021,4,,ABC,Q4ABC,1
20220214000000,4.0,22100861,3,Final,20220214SASCHI,1610612741,1610612759,2021,4,,NBATV,Q4NBATV,1
20220214000000,9.0,22100866,3,Final,20220214GSWLAC,1610612746,1610612744,2021,4,,NBATV,Q4NBATV,1
20220215000000,7.0,22100873,3,Final,20220215LACPHX,1610612756,1610612746,2021,4,,TNT,Q4TNT,1
20220215000000,3.0,22100869,3,Final,20220215BOSPHI,1610612755,1610612738,2021,4,,TNT,Q4TNT,1
20220216000000,11.0,22100884,3,Final,20220216UTALAL,1610612747,1610612762,2021,4,,ESPN,Q4ESPN,1
20220217000000,4.0,22100887,3,Final,20220217PHIMIL,1610612749,1610612755,2021,4,,TNT,Q4TNT,1
20220224000000,6.0,22100894,3,Final,20220224GSWPOR,1610612757,1610612744,2021,4,,TNT,Q4TNT,1
20220227000000,6.0,22100917,3,Final,20220227DALGSW,1610612744,1610612742,2021,4,,ESPN,Q4ESPN,1
20220227000000,1.0,22100912,3,Final,20220227PHINYK,1610612752,1610612755,2021,4,,ABC,Q4ABC,1
20220303000000,2.0,22100940,3,Final,20220303MEMBOS,1610612738,1610612763,2021,4,,TNT,Q4TNT,1
20220303000000,7.0,22100945,3,Final,20220303LALLAC,1610612746,1610612747,2021,4,,TNT,Q4TNT,1
20220304000000,5.0,22100949,3,Final,20220304MILCHI,1610612741,1610612749,2021,4,,ESPN,Q4ESPN,1
20220304000000,9.0,22100953,3,Final,20220304NYKPHX,1610612756,1610612752,2021,4,,ESPN,Q4ESPN,1
20220306000000,1.0,22100960,3,Final,20220306BKNBOS,1610612738,1610612751,2021,4,,ABC,Q4ABC,1
20220306000000,6.0,22100962,3,Final,20220306TORCLE,1610612739,1610612761,2021,4,,ESPN,Q4ESPN,1
20220306000000,2.0,22100961,3,Final,20220306PHXMIL,1610612749,1610612756,2021,4,,ABC,Q4ABC,1
20220307000000,7.0,22100528,3,Final,20220307GSWDEN,1610612743,1610612744,2021,4,,NBATV,Q4NBATV,1
20220308000000,4.0,22100978,3,Final,20220308NOPMEM,1610612763,1610612740,2021,4,,TNT,Q4TNT,1
20220308000000,6.0,22100980,3,Final,20220308LACGSW,1610612744,1610612746,2021,4,,TNT,Q4TNT,1
20220309000000,3.0,22100983,3,Final,20220309PHXMIA,1610612748,1610612756,2021,4,,ESPN,Q4ESPN,1
20220310000000,1.0,22100993,3,Final,20220310BKNPHI,1610612755,1610612751,2021,4,,TNT,Q4TNT,1
20220312000000,4.0,22101008,3,Final,20220312MILGSW,1610612744,1610612749,2021,4,,ABC,Q4ABC,1
20220313000000,1.0,22101012,3,Final,20220313NYKBKN,1610612751,1610612752,2021,4,,ABC,Q4ABC,1
20220313000000,8.0,22101019,3,Final,20220313LALPHX,1610612756,1610612747,2021,4,,ESPN,Q4ESPN,1
20220314000000,8.0,22101027,3,Final,20220314MILUTA,1610612762,1610612749,2021,4,,ESPN,Q4ESPN,1
20220315000000,4.0,22101032,3,Final,20220315PHXNOP,1610612740,1610612756,2021,4,,NBATV,Q4NBATV,1
20220316000000,4.0,22101036,3,Final,20220316DALBKN,1610612751,1610612742,2021,4,,ESPN,Q4ESPN,1
20220316000000,10.0,22101042,3,Final,20220316BOSGSW,1610612744,1610612738,2021,4,,ESPN,Q4ESPN,1
20220318000000,2.0,22101047,3,Final,20220318MEMATL,1610612737,1610612763,2021,4,,NBATV,Q4NBATV,1
20220318000000,11.0,22101056,3,Final,20220318CHIPHX,1610612756,1610612741,2021,4,,NBATV,Q4NBATV,1
20220322000000,2.0,22101081,3,Final,20220322ATLNYK,1610612752,1610612737,2021,4,,TNT,Q4TNT,1
20220323000000,10.0,22101093,3,Final,20220323PHILAL,1610612747,1610612755,2021,4,,ESPN,Q4ESPN,1
20220324000000,5.0,22101099,3,Final,20220324PHXDEN,1610612743,1610612756,2021,4,,NBATV,Q4NBATV,1
20220325000000,3.0,22101102,3,Final,20220325GSWATL,1610612737,1610612744,2021,4,,NBATV,Q4NBATV,1
20220325000000,7.0,22101106,3,Final,20220325PHILAC,1610612746,1610612755,2021,4,,NBATV,Q4NBATV,1
20220326000000,5.0,22101111,3,Final,20220326BKNMIA,1610612748,1610612751,2021,4,,NBATV,Q4NBATV,1
20220327000000,6.0,22101120,3,Final,20220327CHABKN,1610612751,1610612766,2021,4,,NBATV,Q4NBATV,1
20220329000000,4.0,22101134,3,Final,20220329LALDAL,1610612742,1610612747,2021,4,,TNT,Q4TNT,1
20220331000000,5.0,22101150,3,Final,20220331LALUTA,1610612762,1610612747,2021,4,,TNT,Q4TNT,1
20220401000000,10.0,22101160,3,Final,20220401NOPLAL,1610612747,1610612740,2021,4,,NBATV,Q4NBATV,1
20220401000000,5.0,22101155,3,Final,20220401PHXMEM,1610612763,1610612756,2021,4,,NBATV,Q4NBATV,1
20220402000000,3.0,22101163,3,Final,20220402BKNATL,1610612737,1610612751,2021,4,,NBATV,Q4NBATV,1
20220403000000,2.0,22101167,3,Final,20220403DALMIL,1610612749,1610612742,2021,4,,ABC,Q4ABC,1
20220403000000,7.0,22101172,3,Final,20220403MIATOR,1610612761,1610612748,2021,4,,NBATV,Q4NBATV,1
20220405000000,6.0,22101183,3,Final,20220405MILCHI,1610612741,1610612749,2021,4,,ESPN,Q4ESPN,1
20220406000000,6.0,22101195,3,Final,20220406PHXLAC,1610612746,1610612756,2021,4,,ESPN,Q4ESPN,1
20220406000000,2.0,22101191,3,Final,20220406BKNNYK,1610612752,1610612751,2021,4,,ESPN,Q4ESPN,1
20220407000000,3.0,22101198,3,Final,20220407BOSMIL,1610612749,1610612738,2021,4,,TNT,Q4TNT,1
20220407000000,7.0,22101202,3,Final,20220407LALGSW,1610612744,1610612747,2021,4,,TNT,Q4TNT,1
20220408000000,8.0,22101210,3,Final,20220408PHXUTA,1610612762,1610612756,2021,4,,NBATV,Q4NBATV,1
20220410000000,5.0,22101223,3,Final,20220410BOSMEM,1610612763,1610612738,2021,4,,TNT,Q4TNT,1
20220410000000,1.0,22101216,3,Final,20220410INDBKN,1610612751,1610612754,2021,4,,ESPN,Q4ESPN,1
20220410000000,13.0,22101225,3,Final,20220410GSWNOP,1610612740,1610612744,2021,4,,TNT,Q4TNT,1
20211003000000,1.0,12100001,3,Final,20211003BKNLAL,1610612747,1610612751,2021,4,,NBATV,Q4NBATV,1
20211004000000,3.0,12100004,3,Final,20211004ATLMIA,1610612748,1610612737,2021,4,,NBATV,Q4NBATV,1
20211004000000,7.0,12100008,3,Final,20211004GSWPOR,1610612757,1610612744,2021,4,,NBATV,Q4NBATV,1
20211005000000,4.0,12100014,3,Final,20211005MILMEM,1610612763,1610612749,2021,4,,TNT,Q4TNT,1
20211006000000,5.0,12100018,3,Final,20211006UTADAL,1610612742,1610612762,2021,4,,NBATV,Q4NBATV,1
20211008000000,7.0,12100031,3,Final,20211008LALGSW,1610612744,1610612747,2021,4,,NBATV,Q4NBATV,1
20211009000000,3.0,12100034,3,Final,20211009ATLMEM,1610612763,1610612737,2021,4,,NBATV,Q4NBATV,1
20211010000000,4.0,12100038,3,Final,20211010PHXLAL,1610612747,1610612756,2021,4,,ESPN,Q4ESPN,1
20211011000000,7.0,12100045,3,Final,20211011MINLAC,1610612746,1610612750,2021,4,,NBATV,Q4NBATV,1
20211011000000,3.0,12100041,3,Final,20211011BKNPHI,1610612755,1610612751,2021,4,,ESPN2,Q4ESPN2,1
20211012000000,1.0,12100046,3,Final,20211012TORWAS,1610612764,1610612761,2021,4,,NBATV,Q4NBATV,1
20211013000000,2.0,12100048,3,Final,20211013DALCHA,1610612766,1610612742,2021,4,,ESPN,Q4ESPN,1
20211013000000,7.0,12100053,3,Final,20211013MILUTA,1610612762,1610612749,2021,4,,NBATV,Q4NBATV,1
20220416000000,2.0,42100151,3,Final,20220416MINMEM,1610612763,1610612750,2021,4,,ESPN,Q4ESPN,1
20220416000000,4.0,42100161,3,Final,20220416DENGSW,1610612744,1610612743,2021,4,,ABC,Q4ABC,1
20220418000000,2.0,42100172,3,Final,20220418UTADAL,1610612742,1610612762,2021,4,,NBATV,Q4NBATV,1
20220418000000,3.0,42100162,3,Final,20220418DENGSW,1610612744,1610612743,2021,4,,TNT,Q4TNT,1
20220419000000,2.0,42100152,3,Final,20220419MINMEM,1610612763,1610612750,2021,4,,NBATV,Q4NBATV,1
20220419000000,1.0,42100102,3,Final,20220419ATLMIA,1610612748,1610612737,2021,4,,TNT,Q4TNT,1
20220420000000,1.0,42100112,3,Final,20220420BKNBOS,1610612738,1610612751,2021,4,,TNT,Q4TNT,1
20220420000000,2.0,42100133,3,Final,20220420PHITOR,1610612761,1610612755,2021,5,,NBATV,Q5NBATV,1
20220421000000,1.0,42100153,3,Final,20220421MEMMIN,1610612750,1610612763,2021,4,,TNT,Q4TNT,1
20220421000000,2.0,42100173,3,Final,20220421DALUTA,1610612762,1610612742,2021,4,,NBATV,Q4NBATV,1
20220421000000,3.0,42100163,3,Final,20220421GSWDEN,1610612743,1610612744,2021,4,,TNT,Q4TNT,1
20220422000000,1.0,42100103,3,Final,20220422MIAATL,1610612737,1610612748,2021,4,,ESPN,Q4ESPN,1
20220422000000,3.0,42100143,3,Final,20220422PHXNOP,1610612740,1610612756,2021,4,,ESPN,Q4ESPN,1
20220423000000,1.0,42100134,3,Final,20220423PHITOR,1610612761,1610612755,2021,4,,TNT,Q4TNT,1
20220423000000,3.0,42100113,3,Final,20220423BOSBKN,1610612751,1610612738,2021,4,,ESPN,Q4ESPN,1
20220424000000,3.0,42100104,3,Final,20220424MIAATL,1610612737,1610612748,2021,4,,TNT,Q4TNT,1
20220424000000,4.0,42100144,3,Final,20220424PHXNOP,1610612740,1610612756,2021,4,,TNT,Q4TNT,1
20220424000000,2.0,42100164,3,Final,20220424GSWDEN,1610612743,1610612744,2021,4,,ABC,Q4ABC,1
20220425000000,2.0,42100135,3,Final,20220425TORPHI,1610612755,1610612761,2021,4,,NBATV,Q4NBATV,1
20220426000000,2.0,42100155,3,Final,20220426MINMEM,1610612763,1610612750,2021,4,,TNT,Q4TNT,1
20220426000000,3.0,42100145,3,Final,20220426NOPPHX,1610612756,1610612740,2021,4,,TNT,Q4TNT,1
20220426000000,1.0,42100105,3,Final,20220426ATLMIA,1610612748,1610612737,2021,4,,NBATV,Q4NBATV,1
20220427000000,2.0,42100125,3,Final,20220427CHIMIL,1610612749,1610612741,2021,4,,TNT,Q4TNT,1
20220427000000,3.0,42100165,3,Final,20220427DENGSW,1610612744,1610612743,2021,4,,TNT,Q4TNT,1
20220428000000,4.0,42100176,3,Final,20220428DALUTA,1610612762,1610612742,2021,4,,TNT,Q4TNT,1
20220428000000,2.0,42100136,3,Final,20220428PHITOR,1610612761,1610612755,2021,4,,NBATV,Q4NBATV,1
20220428000000,3.0,42100146,3,Final,20220428PHXNOP,1610612740,1610612756,2021,4,,TNT,Q4TNT,1
20220501000000,6.0,42100231,3,Final,20220501GSWMEM,1610612763,1610612744,2021,4,,ABC,Q4ABC,1
20220502000000,2.0,42100221,3,Final,20220502DALPHX,1610612756,1610612742,2021,4,,TNT,Q4TNT,1
20220503000000,1.0,42100212,3,Final,20220503MILBOS,1610612738,1610612749,2021,4,,TNT,Q4TNT,1
20220504000000,1.0,42100202,3,Final,20220504PHIMIA,1610612748,1610612755,2021,4,,TNT,Q4TNT,1
20220504000000,2.0,42100222,3,Final,20220504DALPHX,1610612756,1610612742,2021,4,,TNT,Q4TNT,1
20220506000000,2.0,42100223,3,Final,20220506PHXDAL,1610612742,1610612756,2021,4,,ESPN,Q4ESPN,1
20220506000000,1.0,42100203,3,Final,20220506MIAPHI,1610612755,1610612748,2021,4,,ESPN,Q4ESPN,1
20220507000000,1.0,42100213,3,Final,20220507BOSMIL,1610612749,1610612738,2021,4,,ABC,Q4ABC,1
20220508000000,1.0,42100224,3,Final,20220508PHXDAL,1610612742,1610612756,2021,4,,ESPN,Q4ESPN,1
20220509000000,1.0,42100214,3,Final,20220509BOSMIL,1610612749,1610612738,2021,4,,TNT,Q4TNT,1
20220509000000,2.0,42100234,3,Final,20220509MEMGSW,1610612744,1610612763,2021,4,,TNT,Q4TNT,1
20220510000000,2.0,42100225,3,Final,20220510DALPHX,1610612756,1610612742,2021,4,,TNT,Q4TNT,1
20220511000000,1.0,42100215,3,Final,20220511MILBOS,1610612738,1610612749,2021,4,,TNT,Q4TNT,1
20220511000000,2.0,42100235,3,Final,20220511GSWMEM,1610612763,1610612744,2021,4,,TNT,Q4TNT,1
20220512000000,1.0,42100206,3,Final,20220512MIAPHI,1610612755,1610612748,2021,4,,ESPN,Q4ESPN,1
20220513000000,2.0,42100236,3,Final,20220513MEMGSW,1610612744,1610612763,2021,4,,ESPN,Q4ESPN,1
20220515000000,3.0,42100227,3,Final,20220515DALPHX,1610612756,1610612742,2021,4,,TNT,Q4TNT,1
20220515000000,2.0,42100217,3,Final,20220515MILBOS,1610612738,1610612749,2021,4,,ABC,Q4ABC,1
20220517000000,1.0,42100301,3,Final,20220517BOSMIA,1610612748,1610612738,2021,4,,ESPN,Q4ESPN,1
20220518000000,1.0,42100311,3,Final,20220518DALGSW,1610612744,1610612742,2021,4,,TNT,Q4TNT,1
20220519000000,1.0,42100302,3,Final,20220519BOSMIA,1610612748,1610612738,2021,4,,ESPN,Q4ESPN,1
20220520000000,1.0,42100312,3,Final,20220520DALGSW,1610612744,1610612742,2021,4,,TNT,Q4TNT,1
20220521000000,1.0,42100303,3,Final,20220521MIABOS,1610612738,1610612748,2021,4,,ABC,Q4ABC,1
20220524000000,1.0,42100314,3,Final,20220524GSWDAL,1610612742,1610612744,2021,4,,TNT,Q4TNT,1
20220525000000,1.0,42100305,3,Final,20220525BOSMIA,1610612748,1610612738,2021,4,,ESPN,Q4ESPN,1
20220526000000,1.0,42100315,3,Final,20220526DALGSW,1610612744,1610612742,2021,4,,TNT,Q4TNT,1
20220527000000,1.0,42100306,3,Final,20220527MIABOS,1610612738,1610612748,2021,4,,ESPN,Q4ESPN,1
20220602000000,1.0,42100401,3,Final,20220602BOSGSW,1610612744,1610612738,2021,4,,ABC,Q4ABC,1
20220610000000,1.0,42100404,3,Final,20220610GSWBOS,1610612738,1610612744,2021,4,,ABC,Q4ABC,1
20220613000000,1.0,42100405,3,Final,20220613BOSGSW,1610612744,1610612738,2021,4,,ABC,Q4ABC,1
20220616000000,1.0,42100406,3,Final,20220616GSWBOS,1610612738,1610612744,2021,4,,ABC,Q4ABC,1
20220220000000,1.0,32100001,3,Final,20220220DRTLBN,1610616834,1610616833,2021,4,,TNTTBS,Q4TNTTBS,1
20221018000000,1.0,22200001,3,Final,20221018PHIBOS,1610612738,1610612755,2022,4,,TNT,Q4TNT,1
20221018000000,2.0,22200002,3,Final,20221018LALGSW,1610612744,1610612747,2022,4,,TNT,Q4TNT,1
20221019000000,11.0,22200013,3,Final,20221019DALPHX,1610612756,1610612742,2022,4,,ESPN,Q4ESPN,1
20221020000000,1.0,22200015,3,Final,20221020MILPHI,1610612755,1610612749,2022,4,,TNT,Q4TNT,1
20221021000000,6.0,22200022,3,Final,20221021BOSMIA,1610612748,1610612738,2022,4,,ESPN,Q4ESPN,1
20221022000000,7.0,22200034,3,Final,20221022MEMDAL,1610612742,1610612763,2022,4,,NBATV,Q4NBATV,1
20221023000000,3.0,22200039,3,Final,20221023WASCLE,1610612739,1610612764,2022,5,,NBATV,Q5NBATV,1
20221025000000,2.0,22200053,3,Final,20221025DALNOP,1610612740,1610612742,2022,4,,TNT,Q4TNT,1
20221026000000,9.0,22200064,3,Final,20221026LALDEN,1610612743,1610612747,2022,4,,ESPN,Q4ESPN,1
20221026000000,5.0,22200060,3,Final,20221026BKNMIL,1610612749,1610612751,2022,4,,ESPN,Q4ESPN,1
20221028000000,10.0,22200079,3,Final,20221028NOPPHX,1610612756,1610612740,2022,4,,ESPN,Q4ESPN,1
20221029000000,4.0,22200084,3,Final,20221029PHICHI,1610612741,1610612755,2022,4,,NBATV,Q4NBATV,1
20221030000000,5.0,22200092,3,Final,20221030MINSAS,1610612759,1610612750,2022,4,,NBATV,Q4NBATV,1
20221101000000,4.0,22200106,3,Final,20221101MINPHX,1610612756,1610612750,2022,4,,TNT,Q4TNT,1
20221102000000,10.0,22200116,3,Final,20221102MEMPOR,1610612757,1610612763,2022,4,,ESPN,Q4ESPN,1
20221102000000,2.0,22200107,3,Final,20221102BOSCLE,1610612739,1610612738,2022,5,,ESPN,Q5ESPN,1
20221103000000,2.0,22200119,3,Final,20221103DENOKC,1610612760,1610612743,2022,4,,NBATV,Q4NBATV,1
20221104000000,5.0,22200124,3,Final,20221104CHIBOS,1610612738,1610612741,2022,4,,ESPN,Q4ESPN,1
20221104000000,10.0,22200129,3,Final,20221104MILMIN,1610612750,1610612749,2022,4,,ESPN,Q4ESPN,1
20221105000000,4.0,22200135,3,Final,20221105BOSNYK,1610612752,1610612738,2022,4,,NBATV,Q4NBATV,1
20221107000000,5.0,22200148,3,Final,20221107PHXPHI,1610612755,1610612756,2022,4,,NBATV,Q4NBATV,1
20221107000000,15.0,22200158,3,Final,20221107CLELAC,1610612746,1610612739,2022,4,,NBATV,Q4NBATV,1
20221109000000,12.0,22200170,3,Final,20221109LALLAC,1610612746,1610612747,2022,4,,ESPN,Q4ESPN,1
20221109000000,6.0,22200164,3,Final,20221109NYKBKN,1610612751,1610612752,2022,4,,ESPN,Q4ESPN,1
20221110000000,2.0,22200173,3,Final,20221110PHIATL,1610612737,1610612755,2022,4,,NBATV,Q4NBATV,1
20221111000000,6.0,22200181,3,Final,20221111MINMEM,1610612763,1610612750,2022,4,,ESPN,Q4ESPN,1
20221112000000,8.0,22200191,3,Final,20221112HOUNOP,1610612740,1610612745,2022,4,,NBATV,Q4NBATV,1
20221114000000,3.0,22200201,3,Final,20221114OKCBOS,1610612738,1610612760,2022,4,,NBATV,Q4NBATV,1
20221115000000,1.0,22200206,3,Final,20221115MEMNOP,1610612740,1610612763,2022,4,,TNT,Q4TNT,1
20221115000000,5.0,22200210,3,Final,20221115BKNSAC,1610612758,1610612751,2022,4,,TNT,Q4TNT,1
20221116000000,4.0,22200214,3,Final,20221116BOSATL,1610612737,1610612738,2022,4,,ESPN,Q4ESPN,1
20221116000000,10.0,22200220,3,Final,20221116GSWPHX,1610612756,1610612744,2022,4,,ESPN,Q4ESPN,1
20221118000000,3.0,22200226,3,Final,20221118MILPHI,1610612755,1610612749,2022,4,,ESPN,Q4ESPN,1
20221118000000,10.0,22200233,3,Final,20221118NYKGSW,1610612744,1610612752,2022,4,,ESPN,Q4ESPN,1
20221119000000,3.0,22200237,3,Final,20221119MINPHI,1610612755,1610612750,2022,4,,NBATV,Q4NBATV,1
20221119000000,4.0,22200238,3,Final,20221119UTAPOR,1610612757,1610612762,2022,4,,NBATV,Q4NBATV,1
20221121000000,6.0,22200253,3,Final,20221121GSWNOP,1610612740,1610612744,2022,4,,NBATV,Q4NBATV,1
20221121000000,8.0,22200255,3,Final,20221121UTALAC,1610612746,1610612762,2022,4,,NBATV,Q4NBATV,1
20221122000000,4.0,22200259,3,Final,20221122LALPHX,1610612756,1610612747,2022,4,,TNT,Q4TNT,1
20221122000000,1.0,22200256,3,Final,20221122BKNPHI,1610612755,1610612751,2022,4,,TNT,Q4TNT,1
20221123000000,5.0,22200264,3,Final,20221123DALBOS,1610612738,1610612742,2022,4,,ESPN,Q4ESPN,1
20221123000000,12.0,22200271,3,Final,20221123LACGSW,1610612744,1610612746,2022,4,,ESPN,Q4ESPN,1
20221125000000,14.0,22200285,3,Final,20221125DENLAC,1610612746,1610612743,2022,4,,NBATV,Q4NBATV,1
20221125000000,14.0,22200285,3,Final,20221125DENLAC,1610612746,1610612743,2022,4,,ClipperVision,Q4ClipperVision,1
20221125000000,8.0,22200279,3,Final,20221125NOPMEM,1610612763,1610612740,2022,4,,NBATV,Q4NBATV,1
20221126000000,2.0,22200287,3,Final,20221126OKCHOU,1610612745,1610612760,2022,4,,NBATV,Q4NBATV,1
20221127000000,9.0,22200298,3,Final,20221127DALMIL,1610612749,1610612742,2022,4,,NBATV,Q4NBATV,1
20221128000000,1.0,22200299,3,Final,20221128ATLPHI,1610612755,1610612737,2022,4,,NBATV,Q4NBATV,1
20221129000000,2.0,22200310,3,Final,20221129GSWDAL,1610612742,1610612744,2022,4,,TNT,Q4TNT,1
20221129000000,3.0,22200311,3,Final,20221129LACPOR,1610612757,1610612746,2022,4,,TNT,Q4TNT,1
20221130000000,3.0,22200314,3,Final,20221130MIABOS,1610612738,1610612748,2022,4,,NBATV,Q4NBATV,1
20221130000000,13.0,22200324,3,Final,20221130PORLAL,1610612747,1610612757,2022,4,,NBATV,Q4NBATV,1
20221201000000,1.0,22200325,3,Final,20221201DALDET,1610612765,1610612742,2022,5,,NBATV,Q5NBATV,1
20221202000000,11.0,22200336,3,Final,20221202CHIGSW,1610612744,1610612741,2022,4,,ESPN,Q4ESPN,1
20221202000000,6.0,22200331,3,Final,20221202LALMIL,1610612749,1610612747,2022,4,,ESPN,Q4ESPN,1
20221204000000,8.0,22200351,3,Final,20221204INDPOR,1610612757,1610612754,2022,4,,NBATV,Q4NBATV,1
20221205000000,7.0,22200358,3,Final,20221205PHXDAL,1610612742,1610612756,2022,4,,NBATV,Q4NBATV,1
20221206000000,3.0,22200362,3,Final,20221206DALDEN,1610612743,1610612742,2022,4,,TNT,Q4TNT,1
20221207000000,3.0,22200365,3,Final,20221207ATLNYK,1610612752,1610612737,2022,4,,ESPN,Q4ESPN,1
20221207000000,11.0,22200373,3,Final,20221207BOSPHX,1610612756,1610612738,2022,4,,ESPN,Q4ESPN,1
20221208000000,1.0,22200374,3,Final,20221208LACMIA,1610612748,1610612746,2022,4,,NBATV,Q4NBATV,1
20221209000000,10.0,22200386,3,Final,20221209MILDAL,1610612742,1610612749,2022,4,,ESPN,Q4ESPN,1
20221210000000,6.0,22200392,3,Final,20221210BOSGSW,1610612744,1610612738,2022,4,,ABC,Q4ABC,1
20221212000000,3.0,22200404,3,Final,20221212ATLMEM,1610612763,1610612737,2022,4,,NBATV,Q4NBATV,1
20221213000000,5.0,22200413,3,Final,20221213BOSLAL,1610612747,1610612738,2022,5,,TNT,Q5TNT,1
20221213000000,2.0,22200410,3,Final,20221213GSWMIL,1610612749,1610612744,2022,4,,TNT,Q4TNT,1
20221214000000,10.0,22200423,3,Final,20221214MINLAC,1610612746,1610612750,2022,4,,ESPN,Q4ESPN,1
20221214000000,5.0,22200418,3,Final,20221214NYKCHI,1610612741,1610612752,2022,5,,ESPN,Q5ESPN,1
20221215000000,4.0,22200427,3,Final,20221215PHXLAC,1610612746,1610612756,2022,4,,NBATV,Q4NBATV,1
20221215000000,2.0,22200425,3,Final,20221215MILMEM,1610612763,1610612749,2022,4,,NBATV,Q4NBATV,1
20221216000000,10.0,22200437,3,Final,20221216DENLAL,1610612747,1610612743,2022,4,,ESPN,Q4ESPN,1
20221216000000,5.0,22200432,3,Final,20221216GSWPHI,1610612755,1610612744,2022,4,,ESPN,Q4ESPN,1
20221217000000,7.0,22200444,3,Final,20221217NOPPHX,1610612756,1610612740,2022,4,,NBATV,Q4NBATV,1
20221217000000,2.0,22200439,3,Final,20221217MIASAS,1610612759,1610612748,2022,4,,NBATV,Q4NBATV,1
20221220000000,3.0,22200463,3,Final,20221220GSWNYK,1610612752,1610612744,2022,4,,TNT,Q4TNT,1
20221220000000,5.0,22200465,3,Final,20221220MEMDEN,1610612743,1610612763,2022,4,,TNT,Q4TNT,1
20221221000000,11.0,22200476,3,Final,20221221CHALAC,1610612746,1610612766,2022,4,,NBATV,Q4NBATV,1
20221221000000,5.0,22200470,3,Final,20221221GSWBKN,1610612751,1610612744,2022,4,,NBATV,Q4NBATV,1
20221222000000,2.0,22200478,3,Final,20221222WASUTA,1610612762,1610612764,2022,4,,NBATV,Q4NBATV,1
20221223000000,12.0,22200490,3,Final,20221223MEMPHX,1610612756,1610612763,2022,4,,ESPN,Q4ESPN,1
20221225000000,1.0,22200493,3,Final,20221225PHINYK,1610612752,1610612755,2022,4,,ABCESPN,Q4ABCESPN,1
20221225000000,2.0,22200494,3,Final,20221225LALDAL,1610612742,1610612747,2022,4,,ABCESPN,Q4ABCESPN,1
20221225000000,4.0,22200496,3,Final,20221225MEMGSW,1610612744,1610612763,2022,4,,ABCESPN,Q4ABCESPN,1
20221225000000,5.0,22200497,3,Final,20221225PHXDEN,1610612743,1610612756,2022,5,,ABCESPN,Q5ABCESPN,1
20221226000000,7.0,22200504,3,Final,20221226CHAPOR,1610612757,1610612766,2022,4,,NBATV,Q4NBATV,1
20221226000000,1.0,22200498,3,Final,20221226BKNCLE,1610612739,1610612751,2022,4,,NBATV,Q4NBATV,1
20221227000000,8.0,22200512,3,Final,20221227NYKDAL,1610612742,1610612752,2022,5,,NBATV,Q5NBATV,1
20221228000000,8.0,22200522,3,Final,20221228DENSAC,1610612758,1610612743,2022,4,,NBATV,Q4NBATV,1
20221228000000,4.0,22200518,3,Final,20221228LALMIA,1610612748,1610612747,2022,4,,NBATV,Q4NBATV,1
20221229000000,3.0,22200525,3,Final,20221229LACBOS,1610612738,1610612746,2022,4,,NBATV,Q4NBATV,1
20221230000000,8.0,22200536,3,Final,20221230PORGSW,1610612744,1610612757,2022,4,,NBATV,Q4NBATV,1
20230102000000,9.0,22200558,3,Final,20230102ATLGSW,1610612744,1610612737,2022,6,,NBATV,Q6NBATV,1
20230103000000,1.0,22200561,3,Final,20230103WASMIL,1610612749,1610612764,2022,4,,NBATV,Q4NBATV,1
20230104000000,11.0,22200574,3,Final,20230104MIALAL,1610612747,1610612748,2022,4,,ESPN,Q4ESPN,1
20230104000000,6.0,22200569,3,Final,20230104MILTOR,1610612761,1610612749,2022,5,,ESPN,Q5ESPN,1
20230105000000,2.0,22200577,3,Final,20230105BOSDAL,1610612742,1610612738,2022,4,,TNT,Q4TNT,1
20230105000000,4.0,22200579,3,Final,20230105LACDEN,1610612743,1610612746,2022,4,,TNT,Q4TNT,1
20230106000000,4.0,22200586,3,Final,20230106BKNNOP,1610612740,1610612751,2022,4,,ESPN,Q4ESPN,1
20230106000000,10.0,22200589,3,Final,20230106MIAPHX,1610612756,1610612748,2022,4,,ESPN,Q4ESPN,1
20230109000000,2.0,22200606,3,Final,20230109CHIBOS,1610612738,1610612741,2022,4,,NBATV,Q4NBATV,1
20230110000000,5.0,22200615,3,Final,20230110PHXGSW,1610612744,1610612756,2022,4,,TNT,Q4TNT,1
20230110000000,2.0,22200611,3,Final,20230110OKCMIA,1610612748,1610612760,2022,4,,TNT,Q4TNT,1
20230111000000,7.0,22200624,3,Final,20230111PHXDEN,1610612743,1610612756,2022,4,,ESPN,Q4ESPN,1
20230111000000,3.0,22200620,3,Final,20230111MILATL,1610612737,1610612749,2022,4,,ESPN,Q4ESPN,1
20230112000000,2.0,22200627,3,Final,20230112BOSBKN,1610612751,1610612738,2022,4,,TNT,Q4TNT,1
20230112000000,5.0,22200630,3,Final,20230112DALLAL,1610612747,1610612742,2022,6,,TNT,Q6TNT,1
20230113000000,4.0,22200635,3,Final,20230113GSWSAS,1610612759,1610612744,2022,4,,ESPN,Q4ESPN,1
20230113000000,8.0,22200639,3,Final,20230113DENLAC,1610612746,1610612743,2022,4,,ESPN,Q4ESPN,1
20230114000000,1.0,22200641,3,Final,20230114MILMIA,1610612748,1610612749,2022,4,,ABC,Q4ABC,1
20230115000000,8.0,22200655,3,Final,20230115PHILAL,1610612747,1610612755,2022,4,,NBATV,Q4NBATV,1
20230116000000,9.0,22200664,3,Final,20230116HOULAL,1610612747,1610612745,2022,4,,NBATV,Q4NBATV,1
20230116000000,8.0,22200663,3,Final,20230116PHXMEM,1610612763,1610612756,2022,4,,TNT,Q4TNT,1
20230116000000,1.0,22200656,3,Final,20230116BOSCHA,1610612766,1610612738,2022,4,,NBATV,Q4NBATV,1
20230117000000,1.0,22200665,3,Final,20230117TORMIL,1610612749,1610612761,2022,4,,TNT,Q4TNT,1
20230117000000,4.0,22200668,3,Final,20230117PHILAC,1610612746,1610612755,2022,4,,TNT,Q4TNT,1
20230118000000,2.0,22200670,3,Final,20230118ATLDAL,1610612742,1610612737,2022,4,,ESPN,Q4ESPN,1
20230118000000,8.0,22200676,3,Final,20230118MINDEN,1610612743,1610612750,2022,4,,ESPN,Q4ESPN,1
20230119000000,2.0,22200679,3,Final,20230119GSWBOS,1610612738,1610612744,2022,5,,TNT,Q5TNT,1
20230119000000,4.0,22200681,3,Final,20230119BKNPHX,1610612756,1610612751,2022,4,,TNT,Q4TNT,1
20230120000000,4.0,22200686,3,Final,20230120MIADAL,1610612742,1610612748,2022,4,,ESPN,Q4ESPN,1
20230122000000,6.0,22200704,3,Final,20230122BKNGSW,1610612744,1610612751,2022,4,,NBATV,Q4NBATV,1
20230123000000,7.0,22200712,3,Final,20230123MEMSAC,1610612758,1610612763,2022,4,,NBATV,Q4NBATV,1
20230123000000,3.0,22200708,3,Final,20230123ATLCHI,1610612741,1610612737,2022,4,,NBATV,Q4NBATV,1
20230124000000,7.0,22200719,3,Final,20230124LACLAL,1610612747,1610612746,2022,4,,TNT,Q4TNT,1
20230124000000,2.0,22200714,3,Final,20230124BOSMIA,1610612748,1610612738,2022,4,,TNT,Q4TNT,1
20230125000000,2.0,22200721,3,Final,20230125BKNPHI,1610612755,1610612751,2022,4,,ESPN,Q4ESPN,1
20230125000000,7.0,22200726,3,Final,20230125MEMGSW,1610612744,1610612763,2022,4,,ESPN,Q4ESPN,1
20230126000000,1.0,22200730,3,Final,20230126NYKBOS,1610612738,1610612752,2022,5,,TNT,Q5TNT,1
20230126000000,5.0,22200734,3,Final,20230126DALPHX,1610612756,1610612742,2022,4,,TNT,Q4TNT,1
20230127000000,2.0,22200737,3,Final,20230127MEMMIN,1610612750,1610612763,2022,4,,NBATV,Q4NBATV,1
20230127000000,5.0,22200740,3,Final,20230127TORGSW,1610612744,1610612761,2022,4,,NBATV,Q4NBATV,1
20230128000000,1.0,22200741,3,Final,20230128DENPHI,1610612755,1610612743,2022,4,,ABC,Q4ABC,1
20230128000000,2.0,22200742,3,Final,20230128NYKBKN,1610612751,1610612752,2022,4,,ABC,Q4ABC,1
20230128000000,9.0,22200749,3,Final,20230128LALBOS,1610612738,1610612747,2022,5,,ABC,Q5ABC,1
20230129000000,4.0,22200755,3,Final,20230129NOPMIL,1610612749,1610612740,2022,4,,NBATV,Q4NBATV,1
20230130000000,8.0,22200763,3,Final,20230130ATLPOR,1610612757,1610612737,2022,4,,NBATV,Q4NBATV,1
20230130000000,2.0,22200757,3,Final,20230130LALBKN,1610612751,1610612747,2022,4,,NBATV,Q4NBATV,1
20230131000000,2.0,22200765,3,Final,20230131LALNYK,1610612752,1610612747,2022,5,,TNT,Q5TNT,1
20230131000000,5.0,22200768,3,Final,20230131NOPDEN,1610612743,1610612740,2022,4,,TNT,Q4TNT,1
20230201000000,4.0,22200772,3,Final,20230201BKNBOS,1610612738,1610612751,2022,4,,ESPN,Q4ESPN,1
20230201000000,9.0,22200777,3,Final,20230201ATLPHX,1610612756,1610612737,2022,4,,ESPN,Q4ESPN,1
20230203000000,4.0,22200788,3,Final,20230203PHXBOS,1610612738,1610612756,2022,4,,NBATV,Q4NBATV,1
20230204000000,8.0,22200800,3,Final,20230204DALGSW,1610612744,1610612742,2022,4,,ABC,Q4ABC,1
20230204000000,2.0,22200798,3,Final,20230204LALNOP,1610612740,1610612747,2022,4,,ESPN2,Q4ESPN2,1
20230205000000,3.0,22200804,3,Final,20230205PHINYK,1610612752,1610612755,2022,4,,ESPN,Q4ESPN,1
20230206000000,8.0,22200815,3,Final,20230206MILPOR,1610612757,1610612749,2022,4,,NBATV,Q4NBATV,1
20230206000000,3.0,22200810,3,Final,20230206LACBKN,1610612751,1610612746,2022,4,,NBATV,Q4NBATV,1
20230207000000,6.0,22200821,3,Final,20230207OKCLAL,1610612747,1610612760,2022,4,,TNT,Q4TNT,1
20230208000000,8.0,22200829,3,Final,20230208DALLAC,1610612746,1610612742,2022,4,,ESPN,Q4ESPN,1
20230208000000,3.0,22200824,3,Final,20230208PHIBOS,1610612738,1610612755,2022,4,,ESPN,Q4ESPN,1
20230209000000,3.0,22200833,3,Final,20230209CHIBKN,1610612751,1610612741,2022,4,,TNT,Q4TNT,1
20230211000000,8.0,22200853,3,Final,20230211LALGSW,1610612744,1610612747,2022,4,,ABC,Q4ABC,1
20230211000000,1.0,22200846,3,Final,20230211PHIBKN,1610612751,1610612755,2022,4,,NBATV,Q4NBATV,1
20230212000000,1.0,22200855,3,Final,20230212MEMBOS,1610612738,1610612763,2022,4,,ABC,Q4ABC,1
20230213000000,5.0,22200861,3,Final,20230213DENMIA,1610612748,1610612743,2022,4,,NBATV,Q4NBATV,1
20230214000000,2.0,22200869,3,Final,20230214BOSMIL,1610612749,1610612738,2022,5,,TNT,Q5TNT,1
20230214000000,4.0,22200871,3,Final,20230214GSWLAC,1610612746,1610612744,2022,4,,TNT,Q4TNT,1
20230215000000,10.0,22200882,3,Final,20230215NOPLAL,1610612747,1610612740,2022,4,,ESPN,Q4ESPN,1
20230215000000,3.0,22200875,3,Final,20230215CLEPHI,1610612755,1610612739,2022,4,,ESPN,Q4ESPN,1
20230216000000,1.0,22200883,3,Final,20230216MILCHI,1610612741,1610612749,2022,4,,TNT,Q4TNT,1
20230216000000,3.0,22200885,3,Final,20230216LACPHX,1610612756,1610612746,2022,4,,TNT,Q4TNT,1
20230223000000,4.0,22200889,3,Final,20230223MEMPHI,1610612755,1610612763,2022,4,,TNT,Q4TNT,1
20230224000000,6.0,22200899,3,Final,20230224OKCPHX,1610612756,1610612760,2022,4,,ESPN,Q4ESPN,1
20230224000000,3.0,22200897,3,Final,20230224MIAMIL,1610612749,1610612748,2022,4,,ESPN,Q4ESPN,1
20230225000000,6.0,22200908,3,Final,20230225BOSPHI,1610612755,1610612738,2022,4,,ABC,Q4ABC,1
20230226000000,9.0,22200918,3,Final,20230226LACDEN,1610612743,1610612746,2022,5,,ESPN,Q5ESPN,1
20230226000000,1.0,22200910,3,Final,20230226PHXMIL,1610612749,1610612756,2022,4,,ABC,Q4ABC,1
20230226000000,4.0,22200913,3,Final,20230226LALDAL,1610612742,1610612747,2022,4,,ABC,Q4ABC,1
20230227000000,2.0,22200920,3,Final,20230227MIAPHI,1610612755,1610612748,2022,4,,NBATV,Q4NBATV,1
20230228000000,4.0,22200927,3,Final,20230228LALMEM,1610612763,1610612747,2022,4,,TNT,Q4TNT,1
20230228000000,10.0,22200932,3,Final,20230228MINLAC,1610612746,1610612750,2022,4,,TNT,Q4TNT,1
20230301000000,3.0,22200935,3,Final,20230301CLEBOS,1610612738,1610612739,2022,4,,ESPN,Q4ESPN,1
20230301000000,9.0,22200941,3,Final,20230301NOPPOR,1610612757,1610612740,2022,4,,ESPN,Q4ESPN,1
20230302000000,4.0,22200945,3,Final,20230302LACGSW,1610612744,1610612746,2022,4,,TNT,Q4TNT,1
20230302000000,2.0,22200943,3,Final,20230302PHIDAL,1610612742,1610612755,2022,4,,TNT,Q4TNT,1
20230303000000,7.0,22200952,3,Final,20230303MEMDEN,1610612743,1610612763,2022,4,,ESPN,Q4ESPN,1
20230303000000,3.0,22200948,3,Final,20230303BKNBOS,1610612738,1610612751,2022,4,,ESPN,Q4ESPN,1
20230304000000,5.0,22200960,3,Final,20230304PHIMIL,1610612749,1610612755,2022,4,,ABC,Q4ABC,1
20230305000000,8.0,22200969,3,Final,20230305NYKBOS,1610612738,1610612752,2022,6,,ESPN,Q6ESPN,1
20230305000000,3.0,22200964,3,Final,20230305GSWLAL,1610612747,1610612744,2022,4,,ABC,Q4ABC,1
20230305000000,10.0,22200970,3,Final,20230305MEMLAC,1610612746,1610612763,2022,4,,ESPN,Q4ESPN,1
20230305000000,1.0,22200962,3,Final,20230305PHXDAL,1610612742,1610612756,2022,4,,ABC,Q4ABC,1
20230306000000,6.0,22200976,3,Final,20230306NOPSAC,1610612758,1610612740,2022,4,,NBATV,Q4NBATV,1
20230306000000,4.0,22200974,3,Final,20230306ATLMIA,1610612748,1610612737,2022,4,,NBATV,Q4NBATV,1
20230307000000,4.0,22200980,3,Final,20230307PHIMIN,1610612750,1610612755,2022,4,,TNT,Q4TNT,1
20230307000000,8.0,22200984,3,Final,20230307MEMLAL,1610612747,1610612763,2022,4,,TNT,Q4TNT,1
20230308000000,4.0,22200988,3,Final,20230308DALNOP,1610612740,1610612742,2022,4,,ESPN,Q4ESPN,1
20230308000000,7.0,22200991,3,Final,20230308TORLAC,1610612746,1610612761,2022,4,,ESPN,Q4ESPN,1
20230309000000,4.0,22200996,3,Final,20230309GSWMEM,1610612763,1610612744,2022,4,,TNT,Q4TNT,1
20230309000000,6.0,22200997,3,Final,20230309NYKSAC,1610612758,1610612752,2022,4,,TNT,Q4TNT,1
20230310000000,6.0,22201003,3,Final,20230310TORLAL,1610612747,1610612761,2022,4,,NBATV,Q4NBATV,1
20230310000000,3.0,22201000,3,Final,20230310CLEMIA,1610612748,1610612739,2022,4,,NBATV,Q4NBATV,1
20230311000000,9.0,22201012,3,Final,20230311MILGSW,1610612744,1610612749,2022,5,,ABC,Q5ABC,1
20230312000000,6.0,22201019,3,Final,20230312NYKLAL,1610612747,1610612752,2022,4,,ESPN,Q4ESPN,1
20230313000000,6.0,22201025,3,Final,20230313PHXGSW,1610612744,1610612756,2022,4,,ESPN,Q4ESPN,1
20230313000000,4.0,22201023,3,Final,20230313MEMDAL,1610612742,1610612763,2022,4,,ESPN,Q4ESPN,1
20230314000000,7.0,22201033,3,Final,20230314MILPHX,1610612756,1610612749,2022,4,,NBATV,Q4NBATV,1
20230314000000,3.0,22201029,3,Final,20230314DENTOR,1610612761,1610612743,2022,4,,NBATV,Q4NBATV,1
20230315000000,7.0,22201041,3,Final,20230315GSWLAC,1610612746,1610612744,2022,4,,ESPN,Q4ESPN,1
20230315000000,1.0,22201035,3,Final,20230315PHICLE,1610612739,1610612755,2022,4,,ESPN,Q4ESPN,1
20230317000000,8.0,22201054,3,Final,20230317DALLAL,1610612747,1610612742,2022,4,,NBATV,Q4NBATV,1
20230318000000,7.0,22201061,3,Final,20230318GSWMEM,1610612763,1610612744,2022,4,,NBATV,Q4NBATV,1
20230319000000,6.0,22201068,3,Final,20230319TORMIL,1610612749,1610612761,2022,4,,NBATV,Q4NBATV,1
20230320000000,5.0,22201075,3,Final,20230320DALMEM,1610612763,1610612742,2022,4,,NBATV,Q4NBATV,1
20230321000000,5.0,22201081,3,Final,20230321BOSSAC,1610612758,1610612738,2022,4,,NBATV,Q4NBATV,1
20230322000000,4.0,22201086,3,Final,20230322GSWDAL,1610612742,1610612744,2022,4,,ESPN,Q4ESPN,1
20230322000000,10.0,22201092,3,Final,20230322PHXLAL,1610612747,1610612756,2022,4,,ESPN,Q4ESPN,1
20230323000000,4.0,22201096,3,Final,20230323OKCLAC,1610612746,1610612760,2022,4,,NBATV,Q4NBATV,1
20230323000000,1.0,22201093,3,Final,20230323NYKORL,1610612753,1610612752,2022,4,,NBATV,Q4NBATV,1
20230324000000,7.0,22201103,3,Final,20230324PHIGSW,1610612744,1610612755,2022,4,,NBATV,Q4NBATV,1
20230324000000,1.0,22201097,3,Final,20230324INDBOS,1610612738,1610612754,2022,4,,NBATV,Q4NBATV,1
20230326000000,3.0,22201115,3,Final,20230326MEMATL,1610612737,1610612763,2022,4,,NBATV,Q4NBATV,1
20230326000000,9.0,22201121,3,Final,20230326MINGSW,1610612744,1610612750,2022,4,,NBATV,Q4NBATV,1
20230327000000,2.0,22201123,3,Final,20230327DALIND,1610612754,1610612742,2022,4,,NBATV,Q4NBATV,1
20230327000000,5.0,22201126,3,Final,20230327PHIDEN,1610612743,1610612755,2022,4,,NBATV,Q4NBATV,1
20230328000000,3.0,22201132,3,Final,20230328MIATOR,1610612761,1610612748,2022,4,,TNT,Q4TNT,1
20230328000000,6.0,22201135,3,Final,20230328NOPGSW,1610612744,1610612740,2022,4,,TNT,Q4TNT,1
20230329000000,4.0,22201139,3,Final,20230329DALPHI,1610612755,1610612742,2022,4,,ESPN,Q4ESPN,1
20230329000000,9.0,22201144,3,Final,20230329MINPHX,1610612756,1610612750,2022,4,,ESPN,Q4ESPN,1
20230330000000,1.0,22201146,3,Final,20230330BOSMIL,1610612749,1610612738,2022,4,,TNT,Q4TNT,1
20230330000000,2.0,22201147,3,Final,20230330NOPDEN,1610612743,1610612740,2022,4,,TNT,Q4TNT,1
20230331000000,13.0,22201160,3,Final,20230331DENPHX,1610612756,1610612743,2022,4,,NBATV,Q4NBATV,1
20230331000000,10.0,22201157,3,Final,20230331LALMIN,1610612750,1610612747,2022,4,,NBATV,Q4NBATV,1
20230401000000,1.0,22201161,3,Final,20230401DALMIA,1610612748,1610612742,2022,4,,NBATV,Q4NBATV,1
20230402000000,13.0,22201175,3,Final,20230402GSWDEN,1610612743,1610612744,2022,4,,NBATV,Q4NBATV,1
20230404000000,6.0,22201181,3,Final,20230404BOSPHI,1610612755,1610612738,2022,4,,TNT,Q4TNT,1
20230405000000,8.0,22201196,3,Final,20230405LALLAC,1610612746,1610612747,2022,4,,ESPN,Q4ESPN,1
20230405000000,5.0,22201193,3,Final,20230405CHIMIL,1610612749,1610612741,2022,4,,ESPN,Q4ESPN,1
20230406000000,5.0,22201201,3,Final,20230406DENPHX,1610612756,1610612743,2022,4,,TNT,Q4TNT,1
20230406000000,2.0,22201198,3,Final,20230406MIAPHI,1610612755,1610612748,2022,4,,TNT,Q4TNT,1
20230407000000,11.0,22201212,3,Final,20230407PHXLAL,1610612747,1610612756,2022,4,,NBATV,Q4NBATV,1
20230407000000,7.0,22201208,3,Final,20230407MEMMIL,1610612749,1610612763,2022,4,,NBATV,Q4NBATV,1
20230409000000,1.0,22201216,3,Final,20230409ATLBOS,1610612738,1610612737,2022,4,,ESPN,Q4ESPN,1
20230409000000,13.0,22201228,3,Final,20230409UTALAL,1610612747,1610612762,2022,4,,ESPN,Q4ESPN,1
20220930000000,1.0,12200001,3,Final,20220930GSWWAS,1610612764,1610612744,2022,4,,NBATV,Q4NBATV,1
20221002000000,5.0,12200008,3,Final,20221002ADLPHX,1610612756,15019,2022,4,,NBATV,Q4NBATV,1
20221002000000,3.0,12200006,3,Final,20221002UTATOR,1610612761,1610612762,2022,4,,NBATV,Q4NBATV,1
20221002000000,2.0,12200005,3,Final,20221002CHABOS,1610612738,1610612766,2022,4,,NBATV,Q4NBATV,1
20221003000000,1.0,12200009,3,Final,20221003PHIBKN,1610612751,1610612755,2022,4,,NBATV,Q4NBATV,1
20221004000000,3.0,12200016,3,Final,20221004NOPCHI,1610612741,1610612740,2022,4,,TNT,Q4TNT,1
20221005000000,5.0,12200022,3,Final,20221005PHXLAL,1610612747,1610612756,2022,4,,NBATV,Q4NBATV,1
20221006000000,2.0,12200024,3,Final,20221006MIABKN,1610612751,1610612748,2022,4,,ESPN,Q4ESPN,1
20221006000000,1.0,12200023,3,Final,20221006MILATL,1610612737,1610612749,2022,4,,NBATV,Q4NBATV,1
20221007000000,5.0,12200033,3,Final,20221007MIAMEM,1610612763,1610612748,2022,4,,NBATV,Q4NBATV,1
20221008000000,1.0,12200036,3,Final,20221008ATLMIL,1610612749,1610612737,2022,4,,NBATV,Q4NBATV,1
20221009000000,4.0,12200040,3,Final,20221009LALGSW,1610612744,1610612747,2022,4,,NBATV,Q4NBATV,1
20221010000000,2.0,12200044,3,Final,20221010PHICLE,1610612739,1610612755,2022,4,,NBATV,Q4NBATV,1
20221011000000,5.0,12200051,3,Final,20221011PORGSW,1610612744,1610612757,2022,4,,NBATV,Q4NBATV,1
20221012000000,5.0,12200056,3,Final,20221012BKNMIL,1610612749,1610612751,2022,4,,ESPN,Q4ESPN,1
20221013000000,1.0,12200060,3,Final,20221013MEMDET,1610612765,1610612763,2022,4,,NBATV,Q4NBATV,1
20230415000000,4.0,42200161,3,Final,20230415GSWSAC,1610612758,1610612744,2022,4,,ABC,Q4ABC,1
20230415000000,3.0,42200131,3,Final,20230415NYKCLE,1610612739,1610612752,2022,4,,ESPN,Q4ESPN,1
20230415000000,1.0,42200121,3,Final,20230415BKNPHI,1610612755,1610612751,2022,4,,ESPN,Q4ESPN,1
20230416000000,2.0,42200101,3,Final,20230416MIAMIL,1610612749,1610612748,2022,4,,TNT,Q4TNT,1
20230416000000,3.0,42200171,3,Final,20230416LACPHX,1610612756,1610612746,2022,4,,TNT,Q4TNT,1
20230416000000,1.0,42200151,3,Final,20230416LALMEM,1610612763,1610612747,2022,4,,ABC,Q4ABC,1
20230416000000,4.0,42200141,3,Final,20230416MINDEN,1610612743,1610612750,2022,4,,TNT,Q4TNT,1
20230417000000,2.0,42200162,3,Final,20230417GSWSAC,1610612758,1610612744,2022,4,,TNT,Q4TNT,1
20230417000000,1.0,42200122,3,Final,20230417BKNPHI,1610612755,1610612751,2022,4,,TNT,Q4TNT,1
20230418000000,2.0,42200132,3,Final,20230418NYKCLE,1610612739,1610612752,2022,4,,TNT,Q4TNT,1
20230418000000,1.0,42200112,3,Final,20230418ATLBOS,1610612738,1610612737,2022,4,,NBATV,Q4NBATV,1
20230418000000,3.0,42200172,3,Final,20230418LACPHX,1610612756,1610612746,2022,4,,TNT,Q4TNT,1
20230419000000,3.0,42200142,3,Final,20230419MINDEN,1610612743,1610612750,2022,4,,TNT,Q4TNT,1
20230419000000,2.0,42200102,3,Final,20230419MIAMIL,1610612749,1610612748,2022,4,,NBATV,Q4NBATV,1
20230419000000,1.0,42200152,3,Final,20230419LALMEM,1610612763,1610612747,2022,4,,TNT,Q4TNT,1
20230420000000,1.0,42200123,3,Final,20230420PHIBKN,1610612751,1610612755,2022,4,,TNT,Q4TNT,1
20230420000000,3.0,42200173,3,Final,20230420PHXLAC,1610612746,1610612756,2022,4,,NBATV,Q4NBATV,1
20230421000000,1.0,42200113,3,Final,20230421BOSATL,1610612737,1610612738,2022,4,,ESPN,Q4ESPN,1
20230421000000,3.0,42200143,3,Final,20230421DENMIN,1610612750,1610612743,2022,4,,ESPN,Q4ESPN,1
20230421000000,2.0,42200133,3,Final,20230421CLENYK,1610612752,1610612739,2022,4,,ABC,Q4ABC,1
20230422000000,2.0,42200174,3,Final,20230422PHXLAC,1610612746,1610612756,2022,4,,TNT,Q4TNT,1
20230422000000,4.0,42200153,3,Final,20230422MEMLAL,1610612747,1610612763,2022,4,,ESPN,Q4ESPN,1
20230422000000,3.0,42200103,3,Final,20230422MILMIA,1610612748,1610612749,2022,4,,ESPN,Q4ESPN,1
20230422000000,1.0,42200124,3,Final,20230422PHIBKN,1610612751,1610612755,2022,4,,TNT,Q4TNT,1
20230423000000,1.0,42200134,3,Final,20230423CLENYK,1610612752,1610612739,2022,4,,ABC,Q4ABC,1
20230423000000,3.0,42200114,3,Final,20230423BOSATL,1610612737,1610612738,2022,4,,TNT,Q4TNT,1
20230423000000,4.0,42200144,3,Final,20230423DENMIN,1610612750,1610612743,2022,5,,TNT,Q5TNT,1
20230423000000,2.0,42200164,3,Final,20230423SACGSW,1610612744,1610612758,2022,4,,ABC,Q4ABC,1
20230424000000,2.0,42200104,3,Final,20230424MILMIA,1610612748,1610612749,2022,4,,TNT,Q4TNT,1
20230424000000,3.0,42200154,3,Final,20230424MEMLAL,1610612747,1610612763,2022,5,,TNT,Q5TNT,1
20230425000000,2.0,42200145,3,Final,20230425MINDEN,1610612743,1610612750,2022,4,,NBATV,Q4NBATV,1
20230425000000,3.0,42200175,3,Final,20230425LACPHX,1610612756,1610612746,2022,4,,TNT,Q4TNT,1
20230425000000,1.0,42200115,3,Final,20230425ATLBOS,1610612738,1610612737,2022,4,,TNT,Q4TNT,1
20230426000000,4.0,42200165,3,Final,20230426GSWSAC,1610612758,1610612744,2022,4,,TNT,Q4TNT,1
20230426000000,3.0,42200105,3,Final,20230426MIAMIL,1610612749,1610612748,2022,5,,NBATV,Q5NBATV,1
20230426000000,2.0,42200155,3,Final,20230426LALMEM,1610612763,1610612747,2022,4,,TNT,Q4TNT,1
20230426000000,1.0,42200135,3,Final,20230426NYKCLE,1610612739,1610612752,2022,4,,NBATV,Q4NBATV,1
20230427000000,4.0,42200116,3,Final,20230427BOSATL,1610612737,1610612738,2022,4,,TNT,Q4TNT,1
20230428000000,3.0,42200166,3,Final,20230428SACGSW,1610612744,1610612758,2022,4,,ESPN,Q4ESPN,1
20230428000000,4.0,42200156,3,Final,20230428MEMLAL,1610612747,1610612763,2022,4,,ESPN,Q4ESPN,1
20230429000000,5.0,42200221,3,Final,20230429PHXDEN,1610612743,1610612756,2022,4,,TNT,Q4TNT,1
20230430000000,3.0,42200201,3,Final,20230430MIANYK,1610612752,1610612748,2022,4,,ABC,Q4ABC,1
20230430000000,4.0,42200167,3,Final,20230430GSWSAC,1610612758,1610612744,2022,4,,ABC,Q4ABC,1
20230501000000,2.0,42200222,3,Final,20230501PHXDEN,1610612743,1610612756,2022,4,,TNT,Q4TNT,1
20230502000000,2.0,42200231,3,Final,20230502LALGSW,1610612744,1610612747,2022,4,,TNT,Q4TNT,1
20230502000000,1.0,42200202,3,Final,20230502MIANYK,1610612752,1610612748,2022,4,,TNT,Q4TNT,1
20230503000000,1.0,42200212,3,Final,20230503PHIBOS,1610612738,1610612755,2022,4,,TNT,Q4TNT,1
20230504000000,1.0,42200232,3,Final,20230504LALGSW,1610612744,1610612747,2022,4,,ESPN,Q4ESPN,1
20230505000000,2.0,42200223,3,Final,20230505DENPHX,1610612756,1610612743,2022,4,,ESPN,Q4ESPN,1
20230505000000,1.0,42200213,3,Final,20230505BOSPHI,1610612755,1610612738,2022,4,,ESPN,Q4ESPN,1
20230506000000,2.0,42200233,3,Final,20230506GSWLAL,1610612747,1610612744,2022,4,,ABC,Q4ABC,1
20230506000000,1.0,42200203,3,Final,20230506NYKMIA,1610612748,1610612752,2022,4,,ABC,Q4ABC,1
20230507000000,1.0,42200214,3,Final,20230507BOSPHI,1610612755,1610612738,2022,5,,ESPN,Q5ESPN,1
20230507000000,2.0,42200224,3,Final,20230507DENPHX,1610612756,1610612743,2022,4,,TNT,Q4TNT,1
20230508000000,2.0,42200234,3,Final,20230508GSWLAL,1610612747,1610612744,2022,4,,TNT,Q4TNT,1
20230508000000,1.0,42200204,3,Final,20230508NYKMIA,1610612748,1610612752,2022,4,,TNT,Q4TNT,1
20230509000000,1.0,42200215,3,Final,20230509PHIBOS,1610612738,1610612755,2022,4,,TNT,Q4TNT,1
20230509000000,2.0,42200225,3,Final,20230509PHXDEN,1610612743,1610612756,2022,4,,TNT,Q4TNT,1
20230510000000,1.0,42200205,3,Final,20230510MIANYK,1610612752,1610612748,2022,4,,TNT,Q4TNT,1
20230510000000,2.0,42200235,3,Final,20230510LALGSW,1610612744,1610612747,2022,4,,TNT,Q4TNT,1
20230511000000,1.0,42200216,3,Final,20230511BOSPHI,1610612755,1610612738,2022,4,,ESPN,Q4ESPN,1
20230511000000,2.0,42200226,3,Final,20230511DENPHX,1610612756,1610612743,2022,4,,ESPN,Q4ESPN,1
20230512000000,2.0,42200236,3,Final,20230512GSWLAL,1610612747,1610612744,2022,4,,ESPN,Q4ESPN,1
20230512000000,1.0,42200206,3,Final,20230512NYKMIA,1610612748,1610612752,2022,4,,ESPN,Q4ESPN,1
20230514000000,3.0,42200217,3,Final,20230514PHIBOS,1610612738,1610612755,2022,4,,ABC,Q4ABC,1
20230516000000,1.0,42200311,3,Final,20230516LALDEN,1610612743,1610612747,2022,4,,ESPN,Q4ESPN,1
20230517000000,1.0,42200301,3,Final,20230517MIABOS,1610612738,1610612748,2022,4,,TNT,Q4TNT,1
20230518000000,1.0,42200312,3,Final,20230518LALDEN,1610612743,1610612747,2022,4,,ESPN,Q4ESPN,1
20230519000000,1.0,42200302,3,Final,20230519MIABOS,1610612738,1610612748,2022,4,,TNT,Q4TNT,1
20230520000000,1.0,42200313,3,Final,20230520DENLAL,1610612747,1610612743,2022,4,,ABC,Q4ABC,1
20230521000000,1.0,42200303,3,Final,20230521BOSMIA,1610612748,1610612738,2022,4,,TNT,Q4TNT,1
20230522000000,1.0,42200314,3,Final,20230522DENLAL,1610612747,1610612743,2022,4,,ESPN,Q4ESPN,1
20230523000000,1.0,42200304,3,Final,20230523BOSMIA,1610612748,1610612738,2022,4,,TNT,Q4TNT,1
20230525000000,1.0,42200305,3,Final,20230525MIABOS,1610612738,1610612748,2022,4,,TNT,Q4TNT,1
20230527000000,1.0,42200306,3,Final,20230527BOSMIA,1610612748,1610612738,2022,4,,TNT,Q4TNT,1
20230529000000,1.0,42200307,3,Final,20230529MIABOS,1610612738,1610612748,2022,4,,TNT,Q4TNT,1
20230601000000,1.0,42200401,3,Final,20230601MIADEN,1610612743,1610612748,2022,4,,ABC,Q4ABC,1
20230604000000,1.0,42200402,3,Final,20230604MIADEN,1610612743,1610612748,2022,4,,ABC,Q4ABC,1
20230607000000,1.0,42200403,3,Final,20230607DENMIA,1610612748,1610612743,2022,4,,ABC,Q4ABC,1
20230609000000,1.0,42200404,3,Final,20230609DENMIA,1610612748,1610612743,2022,4,,ABC,Q4ABC,1
20230612000000,1.0,42200405,3,Final,20230612MIADEN,1610612743,1610612748,2022,4,,ABC,Q4ABC,1
20230219000000,1.0,32200001,3,Final,20230219GNSLBN,1610616834,1610616833,2022,4,,TNTTBS,Q4TNTTBS,1
20230219000000,1.0,32200001,3,Final,20230219GNSLBN,1610616834,1610616833,2022,4,,TNTTBS,Q4TNTTBS,1
